волейбольный,1
сетка,1
информационный,1
сообщение,1
сайт,7
магазин,2
электроника,4
статус,3
заказ,7
новый,16
обрабатываться,1
ожидаться,1
оплата,1
получение,1
подробный,1
информация,1
пройти,10
ваш,19
выбор,1
соцсеть,1
следить,3
акция,1
скидка,1
спец-предложение,1
аккаунт,16
быть,13
вход,3
устройство,13
тип,1
адрес,5
версия,2
приложение,9
местоположение,2
россия,17
санкт-петербург,4
безопасность,4
угроза,1
перейти,2
раздел,3
активный,1
сеанс,1
выйти,4
сессия,1
оповещение,1
система,9
владимир,7
войти,4
операционный,1
дата,1
время,7
проигнорировать,1
письмо,4
написать,2
чат,2
весь,10
узнать,4
наш,7
книга,2
бытовой,2
техника,2
дом,2
сад,2
детский,2
товар,2
красота,2
здоровье,2
строительство,2
ремонт,2
аптека,2
подарочный,2
сертификат,4
одежда,2
обувь,1
аксессуар,1
зоотовар,2
спорт,2
отдых,3
автотовар,2
электронный,11
копия,1
чек,9
получить,9
сообщить,1
почта,7
продавец,2
указать,1
покупка,2
интернет,1
вопрос,4
мочь,11
реквизит,1
кэшбэк,1
этот,14
браузер,1
ссылка,2
соглашаться,1
правило,1
использование,1
cookie-файл,1
политика,1
обработка,1
персональный,1
данные,2
старинчик,2
сервер,2
дистанционный,3
обучение,6
рггма,2
среда,1
январь,5
совершать,2
такой,5
действие,4
свой,19
пароль,3
читать,2
загрузить,2
мобильный,7
получать,4
уведомление,3
храниться,1
личный,1
кабинет,1
команда,16
внимание,2
раунд,10
начаться,4
август,3
суббота,1
московский,2
добрый,2
день,6
участие,6
проводиться,2
инициатива,5
поддержка,5
общий,3
дивизион,1
рейтинговый,1
участник,9
продолжительность,1
соревнование,6
час,2
допустимый,1
язык,3
образовательный,3
настать,1
совместный,1
усилие,1
самый,4
усердный,1
хороший,5
шанс,1
заинтересованный,1
программист,2
который,12
хотеть,4
учёба,1
барселона,1
испания,1
бангкок,1
таиланд,1
примета,1
место,3
полный,2
стипендия,2
ежемесячный,2
пособие,1
бесплатный,4
недельный,3
курс,16
тестирование,2
собеседование,2
приглашать,1
наставник,7
молодёжный,3
школа,4
технология,7
будущее,6
сообщество,3
наставник-студент,1
вуз,4
страна,7
роль,2
рамка,4
проект,11
смочь,6
знание,6
технологический,7
сфера,2
навык,3
наставничество,2
практика,2
сопровождение,2
познакомиться,3
наставник-единомышленник,2
сокомандник,1
пространство,1
коммуникация,3
работа,4
учёт,1
дедлайн,1
случай,1
спорный,1
ситуация,1
конфликт,1
разработчик,1
полезный,1
ресурс,1
материал,1
необходимый,1
решение,5
задача,5
подготовка,5
рефлексия,1
деятельность,1
финал,2
какой,4
бонус,1
освоить,1
доступ,1
онлайн-курс,1
дао,1
помочь,3
программирование,3
анализ,2
d-моделирование,2
компьютерный,2
зрение,2
многий,2
другой,6
направление,2
консультация,1
обратный,1
связь,2
координатор,1
эксперт,6
разный,3
город,4
мероприятие,9
кружковой,1
движение,1
прохождение,1
мерч,1
подавать,1
заявка,3
октябрь,2
становиться,2
часть,2
протяжение,1
летний,1
история,2
создавать,2
инновационный,1
способный,1
любой,2
преграда,1
путь,1
прогрессивный,1
будущий,1
единственный,1
неизменный,1
источник,1
вдохновение,1
рада,2
совершить,1
казаться,1
недоступный,1
управлять,1
жизнь,4
лёгкость,1
открывать,1
искусство,1
оценивать,1
современный,3
возможность,5
образование,2
заботиться,1
океан,1
старый,1
продолжить,1
неутомимый,1
первопроходец,1
тот,6
продолжать,1
невозможный,1
встреча,1
следующий,2
документ,2
карта,2
вносить,1
платёж,3
интернет-банка,1
уважение,2
альфа-банк,1
ноябрь,1
всероссийский,1
онлаин-зачёт,1
финансовый,3
грамотность,1
банк,1
агентство,4
стратегический,4
проверить,2
собрать,2
семейный,1
отвечать,2
рекомендация,2
окончание,1
зачёт,2
польза,1
разбираться,1
финансы,1
уметь,1
индивидуальный,1
инструмент,1
обычный,1
близкий,2
мошенник,1
баннер,1
год,14
подводить,1
итог,2
смотреть,1
получиться,1
точка,1
рост,1
знать,1
ошибаться,1
делать,2
список,2
достижение,3
пункт,1
праздновать,1
летие,1
платформа,4
миллион,2
каждый,3
находить,1
инвестор,3
проводить,2
развивать,1
стартап,1
человек,4
связать,1
развитие,11
продвижение,1
идея,7
процветание,1
родный,2
целое,2
давать,3
поддерживать,1
руководство,1
площадка,4
инфраструктура,1
реализация,2
рупор,1
региональный,4
управленческий,1
поддержать,1
глава,1
наблюдательный,1
совет,1
выдвижение,1
предстоящий,1
президентский,1
выборы,1
голос,1
подпись,1
отделение,1
ждать,1
сильный,2
форум,5
раз,3
идти,3
сбор,1
предложение,1
искать,1
классный,1
повышение,1
качество,1
экономика,2
предпринимательство,1
цифровой,3
сервис,2
занятость,1
госуправление,1
автор,1
экосистема,1
партнёр,2
соглашение,2
саит,2
олимпиада,4
поступить,1
экзамен,3
когнитивный,2
привет,3
отличный,2
новость,7
ученик,1
класс,1
проходить,3
отборочный,3
этап,1
организатор,1
нит,1
мисис,1
мфть,1
генеральный,2
компания,3
победитель,2
призёр,2
балл,2
егэ,3
информатика,2
бежать,1
принимать,1
регистрация,1
причина,1
оценить,1
уровень,2
олимпиадный,1
семинар,1
число,1
привилегия,1
поступление,1
центр,3
упрощённый,1
отбор,1
стажировка,1
тур,1
задание,1
состояться,2
конец,2
февраль,2
пригласить,1
удача,1
сутки,1
второй,1
технокубок,2
ознакомительный,1
обращать,1
процесс,2
описать,1
остаться,1
обращение,1
специальный,2
технический,1
заметить,1
последний,2
новостной,1
лента,1
появляться,1
пост,1
нейросеть,1
количество,1
порождать,1
страх,1
представитель,3
интеллектуальный,1
творческий,1
профессия,1
счастие,1
искусственный,3
интеллект,3
работодатель,1
цениться,1
умение,1
образ,1
нога,1
предлагать,1
актуальный,2
тема,1
введение,1
нейронный,2
сеть,2
применение,1
прикладной,1
диплом,1
практический,1
машинный,1
большой,2
начинающий,3
область,5
настоящий,2
существовать,1
множество,1
мир,3
составить,1
пользоваться,1
популярность,1
пользователь,1
входить,1
топ,1
запрос,1
поисковый,1
нуль,4
фотография,1
публикация,2
основа,1
вода,1
пошаговый,1
составление,1
английский,2
аналитик,1
экспресс-курс,1
быстрый,5
старт,1
инженер,2
начальный,1
вёрстка,1
веб,1
разработка,2
выпускной,1
создать,5
тематический,1
каталог,2
русский,1
математика,1
выбирать,1
предмет,1
собираться,1
порекомендовать,1
знакомый,1
подключиться,1
приём,1
qr-код,1
безопасный,1
способ,1
инструкция,1
статья,1
забывать,1
коллега,2
подарок,1
новинка,1
заглядывать,1
вконтакте,1
присоединяться,1
дискорд,1
любовь,1
архипелаг,14
новосибирск,4
завершиться,1
прокачка,1
профессиональный,2
закончиться,1
рассказывать,2
интересный,3
держать,1
ключевой,2
событие,3
проектно-образовательный,1
интенсив,4
объединить,1
принять,1
первый,8
дрон,7
подобный,1
масштаб,1
полигон,1
закрытый,1
состязание,1
сложность,1
посетить,2
лекция,3
лидер,3
отрасль,10
аэробеспилотия,3
форсайт,1
дискуссионный,2
клуб,2
др,1
выставка,2
беспилотный,11
авиация,4
экспонат,1
новосибирский,1
государственный,1
университет,1
малый,2
трек,1
удаться,2
прорывный,1
результат,1
дмитрий,2
песок,2
провести,2
воздушный,1
президент,1
рф,2
директор,1
ано,1
рассказать,3
перспектива,2
шаг,1
успешный,2
турнир,1
агродрон,1
земледелие,1
поиск,1
обеспечение,1
продовольственный,1
пилот,1
агрохимик,1
аэрофотосъёмка,1
произвольный,1
высота,1
составлять,1
ортофотоплан,1
рассчитывать,1
концентрация,1
агрохимикат,1
обрабатывать,1
почва,1
воздух,2
представить,1
модель,1
федеральный,1
кадр,1
бас,3
один,3
программа,1
среднее,1
продолжиться,1
охватить,1
ссуза,1
преподаватель,1
авиасистема,3
международный,2
технопром,2
вектор,1
фактор,1
регион,4
стать,2
выстраивание,1
межрегиональный,1
кооперационный,1
цепочка,1
импортозамещение,1
суверенитет,1
пример,1
конкретный,1
кейс,1
ася,1
исследование,2
российский,6
внутренний,1
туризм,2
горизонт,1
март-апрель,1
группа,1
опросить,1
потребитель,1
туриндустрия,1
меняться,1
отношение,1
бизнес,2
адаптироваться,1
реалия,1
москва,1
туристический,1
уступить,1
лидерство,1
путешественник,1
интересовать,1
культурно-исторический,1
помощь,3
опрос,1
telegram-канал,3
рынок,3
производитель,2
поручение,1
дать,1
вице-премьер,3
андрей,2
белоус,2
авиационный,4
позволить,1
мера,1
господдержка,1
поручить,1
концепция,1
закон,1
космический,1
сегмент,1
появиться,1
отдельный,2
производство,1
беспилотник,4
планировать,1
крупный,1
средний,1
десятка,1
тысяча,1
небольшой,1
уточнить,1
официальный,1
запуск,1
научно-производственный,2
открыться,2
севастополь,1
нижегородский,1
тульский,1
рязанский,1
томский,1
самарский,4
сахалинский,1
воронежский,1
татарстан,1
башкортостан,1
заработать,1
создание,2
фонд,3
компания-разработчик,1
транспорт,1
договориться,1
капитализация,1
млрд,1
рубль,1
финансирование,1
гражданский,1
начать,1
база,1
кластер,1
ставить,1
рекорд,2
абсолютный,1
подъём,1
флаг,2
размер,2
метр,2
легковесный,1
груз,1
подняться,1
пробыть,1
минута,2
дронофлот,1
найти,1
подписываться,1
онлайн-трансляция,1
видеозапись,1
вечерний,2
выступление,1
подборка,1
трансляция,1
форсайта-сессия,1
презентация,1
лекторий,3
дневный,1
диалог,1
интервью,1
визионер,1
предприниматель,3
барьер,1
стоять,1
рискнуть,1
исток,1
надёжный,1
онлайн-доска,2
привлекать,1
корпорация,1
ковид,1
проблема,1
ниша,2
воспользоваться,1
создатель,1
акселератор,1
дзен,2
карьера,2
пообщаться,1
специалист,1
связанный,2
учить,1
оператор,1
менеджер,1
рассылка,2
проявлять,1
интерес,1
друг,1
галочка,1
чекбокс,1
код,5
подтверждение,3
использовать,1
срок,1
истекать,1
вернуться,1
ввести,2
сообщать,1
уважаемый-ая,1
аутентификатор,1
сменить,1
техподдержка,1
восстановление,1
мой,1
понадобиться,1
обратиться,1
служба,1
предпроектный,1
сделать,1
отредактировать,1
профиль,1
понедельник,1
