табурет,1
каждый,7
год,21
миллион,4
человек,2
загадывать,1
желание,1
новогодний,2
ночь,3
обещать,2
понедельник,1
хотеть,11
книга,1
весь,10
цель,6
накрывать,1
рутина,1
мечта,10
уходить,1
задний,1
план,6
экзамен,19
день,5
представить,1
ждать,11
перестать,1
август,2
школа,6
приёмный,1
комиссия,3
вуз,8
сам,6
разгар,3
беспокоиться,1
твой,18
балл,15
хватать,4
поступление,3
бюджет,2
тот,7
самый,9
знать,7
остаться,9
топ,2
рейтинг,2
наслаждаться,2
жизнь,5
предвкушать,1
первый,9
курс,31
честь,2
новый,7
приготовить,1
подарок,9
ученик,12
который,24
записаться,1
успеть,3
заряд,1
мотивация,5
море,2
плюшка,2
январь,3
стать,4
реальность,1
приходить,3
присылать,1
чат,6
слово,6
старт,1
прислать,1
подробность,2
удача,1
класс,5
школьник,4
родитель,6
умскула,6
журнал,2
консультация,2
бесплатный,3
видеоконференция,1
главный,3
егэ,33
шанс,1
участие,1
регистрация,2
начало,3
трансляция,2
октябрь,2
окончание,1
конференция,4
пройти,8
платформа,4
программа,2
всероссийский,2
прямой,3
эфир,3
преподаватель,12
русский,4
язык,7
александр,1
долгий,2
профильный,2
математика,3
андрей,1
баканчев,1
аделий,1
адамов,1
физика,2
макс,1
тесло,1
азат,1
антип,1
биология,2
жанна,1
казанский,1
химия,2
анастасия,2
майер,1
богдан,1
чагин,1
литература,2
фариша,1
князев,1
обществознание,5
малов,1
английский,7
шерин,1
келли,1
айнур,2
даллас,1
подробный,1
расписание,3
тайминг,1
смочь,4
сайт,6
получить,5
полезный,3
практический,3
информация,1
сдача,1
единый,3
государственный,1
разбор,3
оценивание,1
комментирование,2
решение,1
задание,14
второй,2
часть,2
изменение,2
завальный,1
предыдущий,1
ответ,2
вопрос,6
розыгрыш,1
годовой,7
обучение,4
онлайн-школа,3
желать,1
быть,10
полный,2
запись,8
г,2
время,7
сдать,4
готовить,2
мочь,6
беседа,1
давать,2
выяснить,2
лондон,1
иса,3
кэпитать,1
грейта,1
бритэн,1
считаться,1
короткий,1
тест,3
узнать,3
свой,14
уровень,5
проверить,3
готовность,2
школьный,2
сериал,1
музыка,1
соцсеть,1
дойти,1
конец,3
какой,4
тема,1
стоить,1
наш,10
рекомендация,1
погнать,2
привет,7
подготовка,19
дело,1
ответственный,1
ловить,1
письмо,2
помочь,12
вариант,1
стартовать,2
чёрный,2
пятница,2
акция,3
крутой,5
скидка,16
держать,1
мини-квиза,1
думать,1
больший,1
действовать,3
любой,5
предмет,11
участник,1
оплатить,2
урок,6
подарить,3
велосипед,1
шоколадка,1
бьюти-бокс,1
стоимость,1
рубль,8
пакет,2
занятие,10
разыграть,2
дополнительный,2
пофантазировать,1
стоять,3
млн,1
переходить,2
узнавать,1
последний,3
цена,5
мастер-группа,1
февраль,1
повыситься,1
торопиться,2
работать,3
разобраться,4
пример,2
сомневаться,1
рассказывать,1
месяц,9
теория,1
практика,3
обратный,1
связь,1
куратор,2
пробник,7
отслеживание,1
прогресс,2
команда,3
мотивированный,1
однокурсник,1
поддержка,2
технический,1
психологический,1
спокойствие,1
убедить,1
жать,2
кнопка,3
забирать,3
бонус,3
вырасти,1
балльный,3
репетитор,4
открывать,2
дарить,1
искать,1
хороший,9
выпустить,1
проходить,4
история,1
готовиться,2
бронирование,1
место,12
получать,3
доступ,2
летний,2
комфортный,3
темп,1
сила,2
июнь,3
составить,4
сезон,1
лето,4
такой,3
регистрироваться,2
пригодиться,1
учёба,11
постоянный,1
количество,1
условие,1
прокачка,2
знание,5
космический,2
экспедиция,1
начинаться,1
салют,1
записываться,3
смена,7
детский,1
онлайн-лагерь,1
сыграть,1
бабка,1
шоу,1
квест,1
найти,3
друг,2
научиться,2
игра,2
корабль,1
лагер,1
нейросеть,1
освоить,1
программирование,1
создание,1
изучить,1
лайфхак,3
спасти,1
город,1
массовый,1
беспорядок,1
выследить,1
зачинщик,1
бедлам,1
помощь,2
логика,1
прокачать,2
ладья,1
отличаться,2
ферзь,1
лагерь,2
дверь,1
разбирать,1
скорость,2
течение,1
каникулы,2
гарантировать,4
результат,5
начать,1
май,1
промокод,1
покупка,1
рассрочка,1
учитель,4
поторопиться,1
сентябрь,1
другой,4
владимир,5
отгадать,1
загадка,1
бледный,1
гулять,1
дом,1
сидеть,1
учебник,1
глядеть,1
выпускник,1
чувствовать,2
кукуха,1
жительство,1
бесконечный,2
мысль,1
узбагыться,1
попасть,1
этот,3
проблема,1
решать,1
раз-два-треть,1
понятие,1
иметь,1
двинуться,1
огэегэ,1
давить,1
встреча,1
психолог,1
карьерный,1
консультант,1
студенческий,2
куча,2
единомышленник,1
насущный,1
вечный,1
живой,2
заняться,1
рассказать,4
профессия,1
универ,3
навык,2
понадобиться,1
взрослый,1
научить,2
потренироваться,1
точка,2
зрение,1
верить,2
блок,1
демоверсия,1
усложнить,1
поменять,1
общага,1
придумать,2
правило,1
суть,1
математик,1
информатика,1
телеграм-канал,1
подписываться,1
актуальный,2
тысяча,2
подготовить,1
прорешать,1
пробный,1
подготовительный,1
хакнуль,1
основа,1
поступить,3
хотеться,1
получиться,3
технологичный,1
образовательный,2
удивиться,1
вебинар,5
делать,1
режим,1
общаться,1
харизма,1
опыт,1
довести,1
бадди,3
повод,1
никакой,1
кодовый,1
осень,1
написать,2
группа,1
электронный,1
вторичный,1
файл,6
универсальный,1
клише,1
один,4
раз,2
работа,3
список,2
типичный,1
ошибка,2
самопроверка,1
учебный,8
возвращение,1
настоящий,1
вызов,1
рассылка,1
собрать,2
способ,1
чек-лист,1
успешный,1
правильный,2
настрой,1
совет,1
ваш,2
ребёнок,8
успех,5
регулярность,1
организация,1
домашний,1
контрольный,1
структура,2
позволить,2
паттерн,2
график,2
советовать,1
персональный,5
трек,1
закрытие,1
пробел,2
партнёр,1
лицей,1
заходить,1
раздел,1
отличный,2
оценка,2
создать,1
удобный,1
рабочий,2
обеспечить,1
функциональный,1
пространство,1
уютный,1
стол,1
эргономичный,1
кресло,1
освещение,1
организовать,1
система,2
подходящий,1
награда,1
процесс,1
досуг,1
выходной,1
неделя,2
внимательный,2
общение,1
отношение,1
играть,1
важный,1
роль,1
интересоваться,1
хвалить,1
предложить,1
сложный,4
задача,1
трудный,1
момент,2
определить,2
обсудить,1
личный,1
амбициозный,1
достижимый,1
вдохновить,1
направить,1
усилие,1
направление,1
опытный,3
пошаговый,2
секрет,1
эксперт,4
настроение,2
вайб,2
эйфория,2
мощь,2
оппенгеймер,2
закрытый,2
комьюнити,2
телеграм,2
очередной,2
бот-пустышка,2
целый,4
вселенная,2
материал,2
мем,4
ламповый,2
объяснить,2
котик,2
показать,2
лаг,2
вкладка,2
тренажёр,5
домашка,2
шпаргалка,2
тьютор,2
соулмейт,2
заменить,2
гугл,2
скибиди-туалет,2
дать,2
чит-код,4
камера,2
микрофон,2
учиться,2
пижама,2
кровать,2
индивидуальный,2
накопиться,2
проверка,4
автопроверка,2
рука,2
лишний,2
бумага,2
любитель,2
тикток,2
выдать,2
успевать,3
поток,2
лавандовый,2
раф,2
кофейня,2
помечтать,1
палец,1
минута,3
заветный,1
соточка,1
приёмная,1
беспокоить,1
следить,1
заниматься,1
приятный,1
хлопоты,1
собирать,1
образ,1
выбирать,1
кружка,1
покупать,1
канцелярия,1
обзвонить,1
родственник,1
победа,1
сей,1
пора,1
закидывать,1
огонёк,1
сторис,1
начаться,1
период,1
знакомство,1
интересный,1
проект,1
шаг,2
карьера,1
итоговый,3
сочинение,4
моргнуть,1
аудитория,1
писать,2
имя,1
бланк,1
бояться,1
ноябрь,1
изя,1
зачёт,1
руб,1
подготовиться,1
бекетов,1
член,1
проверять,1
реальный,2
экз,1
разобрать,2
частый,1
критерий,2
айнура,1
доп,1
топ-вуз,1
тормозить,1
жестокий,1
мир,1
пугать,1
нагнетать,1
утомлять,1
соня,1
костюков,1
выражение,1
попадаться,1
шпор,1
популярный,1
лексика,2
особенность,1
употребление,1
глагол,1
англо-английский,1
словарь,1
запоминание,1
фраза,1
изучать,1
полугодовой,3
сумма,1
набирать,1
лететь,1
знак,1
новость,1
кибер-р-распродажа,1
эффективный,1
формат,1
выгода,1
кибер-подарок,1
чек-ап,1
экспресс-тест,1
понять,1
находиться,1
выявить,1
стратегия,1
классный,1
идти,1
киберпонедельник,1
кибер-бонус,2
продуктивный,1
крупный,1
